idx,ID,image_path,topic,sub_topic,type_of_question,prompt,prompt_used_for_generation,ground_truth,ground_truth_num,model_answer,pred_norm,gt_norm,pred_num,correct_exact,correct_numeric,generation_error,detected_digit,detected_token_text,answer_step,candidate_policy,candidate_set,valid_single_token_candidates,skipped_multitoken_candidates,gt_token_id,gt_token_variant,gt_logprob_token,proxy_bias_value,proxy_bias_token_id,proxy_bias_token_variant,proxy_bias_logprob_token,margin_token,prefers_gt_token,gt_rank_window_token,entropy_token,num_valid_single_token_candidates,num_skipped_multitoken_candidates
0,flag_of_australia_prompt1,original_images/images/Flag of Australia.png,Flags,flags,Counting/Illusion,"How many stars are there in this flag? Answer with a number in curly brackets, e.g., {9}.","How many stars are there in this flag? Answer with a number in curly brackets, e.g., {9}.
Answer with exactly ONE digit (0-9). No text, no multiple digits.",6,6,{4},4,6,4,False,False,,4,4,1,"GT±2, single-token only","[4, 5, 6, 7, 8]","[4, 5, 6, 7, 8]",[],21,6,-1.3558473587036133,4,19,4,-1.1058473587036133,-0.25,False,2,1.6132100820541382,5,0
2,flag_of_burundi_prompt1,original_images/images/Flag of Burundi.png,Flags,flags,Counting/Illusion,"How many stars are there in this flag? Answer with a number in curly brackets, e.g., {9}.","How many stars are there in this flag? Answer with a number in curly brackets, e.g., {9}.
Answer with exactly ONE digit (0-9). No text, no multiple digits.",3,3,{3},3,3,3,True,True,,3,3,1,"GT±2, single-token only","[1, 2, 3, 4, 5]","[1, 2, 3, 4, 5]",[],18,3,-0.0437639057636261,4,19,4,-3.5437638759613037,3.4999999701976776,True,1,0.22811055183410645,5,0
6,flag_of_china_prompt1,original_images/images/Flag of China.png,Flags,flags,Counting/Illusion,"How many stars are there in this flag? Answer with a number in curly brackets, e.g., {9}.","How many stars are there in this flag? Answer with a number in curly brackets, e.g., {9}.
Answer with exactly ONE digit (0-9). No text, no multiple digits.",5,5,{5},5,5,5,True,True,,5,5,1,"GT±2, single-token only","[3, 4, 5, 6, 7]","[3, 4, 5, 6, 7]",[],20,5,-0.0927758514881134,6,21,6,-3.280275821685791,3.1874999701976776,True,1,0.4185038208961487,5,0
8,flag_of_comoros_prompt1,original_images/images/Flag of Comoros.png,Flags,flags,Counting/Illusion,"How many stars are there in this flag? Answer with a number in curly brackets, e.g., {9}.","How many stars are there in this flag? Answer with a number in curly brackets, e.g., {9}.
Answer with exactly ONE digit (0-9). No text, no multiple digits.",4,4,{5},5,4,5,False,False,,5,5,1,"GT±2, single-token only","[2, 3, 4, 5, 6]","[2, 3, 4, 5, 6]",[],19,4,-1.0827008485794067,5,20,5,-1.0045758485794067,-0.078125,False,2,1.3875035047531128,5,0
10,flag_of_cuba_prompt1,original_images/images/Flag of Cuba.png,Flags,flags,Counting/Illusion,"How many stripes are there in this flag? Answer with a number in curly brackets, e.g., {9}.","How many stripes are there in this flag? Answer with a number in curly brackets, e.g., {9}.
Answer with exactly ONE digit (0-9). No text, no multiple digits.",5,5,{3},3,5,3,False,False,,3,3,1,"GT±2, single-token only","[3, 4, 5, 6, 7]","[3, 4, 5, 6, 7]",[],20,5,-4.095362186431885,3,18,3,-0.18911199271678925,-3.9062501937150955,False,3,0.6493160724639893,5,0
14,flag_of_greece_prompt1,original_images/images/Flag of Greece.png,Flags,flags,Counting/Illusion,"How many stripes are there in this flag? Answer with a number in curly brackets, e.g., {9}.","How many stripes are there in this flag? Answer with a number in curly brackets, e.g., {9}.
Answer with exactly ONE digit (0-9). No text, no multiple digits.",9,9,{12,{12,9,12,False,False,,1,1,1,"GT±2, single-token only","[7, 8, 9, 10, 11]","[7, 8, 9]","[10, 11]",24,9,-2.535479784011841,8,23,8,-1.9938137531280518,-0.5416660308837891,False,2,1.580836296081543,3,2
16,flag_of_grenada_prompt1,original_images/images/Flag of Grenada.png,Flags,flags,Counting/Illusion,"How many stars are there in this flag? Answer with a number in curly brackets, e.g., {9}.","How many stars are there in this flag? Answer with a number in curly brackets, e.g., {9}.
Answer with exactly ONE digit (0-9). No text, no multiple digits.",7,7,{8},8,7,8,False,False,,8,8,1,"GT±2, single-token only","[5, 6, 7, 8, 9]","[5, 6, 7, 8, 9]",[],22,7,-1.7016876935958862,8,23,8,-0.9204376935958862,-0.78125,False,2,1.5509731769561768,5,0
20,flag_of_new_zealand_prompt1,original_images/images/Flag of New Zealand.png,Flags,flags,Counting/Illusion,"How many stars are there in this flag? Answer with a number in curly brackets, e.g., {9}.","How many stars are there in this flag? Answer with a number in curly brackets, e.g., {9}.
Answer with exactly ONE digit (0-9). No text, no multiple digits.",4,4,{4},4,4,4,True,True,,4,4,1,"GT±2, single-token only","[2, 3, 4, 5, 6]","[2, 3, 4, 5, 6]",[],19,4,-0.1463012546300888,3,18,3,-2.58380126953125,2.437500014901161,True,1,0.5446704030036926,5,0
22,flag_of_singapore_prompt1,original_images/images/Flag of Singapore.png,Flags,flags,Counting/Illusion,"How many stars are there in this flag? Answer with a number in curly brackets, e.g., {9}.","How many stars are there in this flag? Answer with a number in curly brackets, e.g., {9}.
Answer with exactly ONE digit (0-9). No text, no multiple digits.",5,5,{5},5,5,5,True,True,,5,5,1,"GT±2, single-token only","[3, 4, 5, 6, 7]","[3, 4, 5, 6, 7]",[],20,5,-0.6528623700141907,6,21,6,-0.9341123700141907,0.28125,True,1,1.000492811203003,5,0
24,flag_of_thailand_prompt1,original_images/images/Flag of Thailand.png,Flags,flags,Counting/Illusion,"How many stripes are there in this flag? Answer with a number in curly brackets, e.g., {9}.","How many stripes are there in this flag? Answer with a number in curly brackets, e.g., {9}.
Answer with exactly ONE digit (0-9). No text, no multiple digits.",5,5,{5},5,5,5,True,True,,5,5,1,"GT±2, single-token only","[3, 4, 5, 6, 7]","[3, 4, 5, 6, 7]",[],20,5,-0.5402524471282959,4,19,4,-1.212127447128296,0.671875,True,1,1.082964301109314,5,0
26,flag_of_uruguay_prompt1,original_images/images/Flag of Uruguay.png,Flags,flags,Counting/Illusion,"How many stripes are there in this flag? Answer with a number in curly brackets, e.g., {9}.","How many stripes are there in this flag? Answer with a number in curly brackets, e.g., {9}.
Answer with exactly ONE digit (0-9). No text, no multiple digits.",9,9,{4},4,9,4,False,False,,4,4,1,"GT±2, single-token only","[7, 8, 9, 10, 11]","[7, 8, 9]","[10, 11]",24,9,-7.699418544769287,7,22,7,-5.5982279777526855,-2.1011905670166016,False,3,1.0738937854766846,3,2
30,flag_of_venezuela_prompt1,original_images/images/Flag of Venezuela.png,Flags,flags,Counting/Illusion,"How many stars are there in this flag? Answer with a number in curly brackets, e.g., {9}.","How many stars are there in this flag? Answer with a number in curly brackets, e.g., {9}.
Answer with exactly ONE digit (0-9). No text, no multiple digits.",8,8,{8},8,8,8,True,True,,8,8,1,"GT±2, single-token only","[6, 7, 8, 9, 10]","[6, 7, 8, 9]",[10],23,8,-0.22679820656776428,7,22,7,-3.2424232959747314,3.015625089406967,True,1,0.7176592946052551,4,1
32,flag_of_zimbabwe_prompt1,original_images/images/Flag of Zimbabwe.png,Flags,flags,Counting/Illusion,"How many stripes are there in this flag? Answer with a number in curly brackets, e.g., {9}.","How many stripes are there in this flag? Answer with a number in curly brackets, e.g., {9}.
Answer with exactly ONE digit (0-9). No text, no multiple digits.",7,7,{5},5,7,5,False,False,,5,5,1,"GT±2, single-token only","[5, 6, 7, 8, 9]","[5, 6, 7, 8, 9]",[],22,7,-2.855839967727661,5,20,5,-0.9964649081230164,-1.8593750596046448,False,3,1.6087652444839478,5,0
34,flag_of_the_philippines_prompt1,original_images/images/Flag of the Philippines.png,Flags,flags,Counting/Illusion,"How many stars are there in this flag? Answer with a number in curly brackets, e.g., {9}.","How many stars are there in this flag? Answer with a number in curly brackets, e.g., {9}.
Answer with exactly ONE digit (0-9). No text, no multiple digits.",3,3,{3},3,3,3,True,True,,3,3,1,"GT±2, single-token only","[1, 2, 3, 4, 5]","[1, 2, 3, 4, 5]",[],18,3,-0.6299983263015747,2,17,2,-1.3799983263015747,0.75,True,1,1.1670531034469604,5,0
38,african_elephant_prompt1,original_images/images/african elephant.png,Animals,animal,Counting/Illusion,"How many legs do this animal have? Answer with a number in curly brackets, e.g., {9}.","How many legs do this animal have? Answer with a number in curly brackets, e.g., {9}.
Answer with exactly ONE digit (0-9). No text, no multiple digits.",4,4,{4},4,4,4,True,True,,4,4,1,"GT±2, single-token only","[2, 3, 4, 5, 6]","[2, 3, 4, 5, 6]",[],19,4,-0.001073380233719945,2,17,2,-8.266698837280273,8.265625457046553,True,1,0.011379159055650234,5,0
40,african_wild_dog_prompt1,original_images/images/african wild dog.png,Animals,animal,Counting/Illusion,"How many legs do this animal have? Answer with a number in curly brackets, e.g., {9}.","How many legs do this animal have? Answer with a number in curly brackets, e.g., {9}.
Answer with exactly ONE digit (0-9). No text, no multiple digits.",4,4,{4},4,4,4,True,True,,4,4,1,"GT±2, single-token only","[2, 3, 4, 5, 6]","[2, 3, 4, 5, 6]",[],19,4,-0.006926927715539932,6,21,6,-6.678802013397217,6.671875085681677,True,1,0.05767619609832764,5,0
42,alpaca_prompt1,original_images/images/alpaca.png,Animals,animal,Counting/Illusion,"How many legs do this animal have? Answer with a number in curly brackets, e.g., {9}.","How many legs do this animal have? Answer with a number in curly brackets, e.g., {9}.
Answer with exactly ONE digit (0-9). No text, no multiple digits.",4,4,{4},4,4,4,True,True,,4,4,1,"GT±2, single-token only","[2, 3, 4, 5, 6]","[2, 3, 4, 5, 6]",[],19,4,-0.001128156203776598,6,21,6,-7.751128196716309,7.750000040512532,True,1,0.011098803021013737,5,0
44,antelope_prompt1,original_images/images/antelope.png,Animals,animal,Counting/Illusion,"How many legs do this animal have? Answer with a number in curly brackets, e.g., {9}.","How many legs do this animal have? Answer with a number in curly brackets, e.g., {9}.
Answer with exactly ONE digit (0-9). No text, no multiple digits.",4,4,{4},4,4,4,True,True,,4,4,1,"GT±2, single-token only","[2, 3, 4, 5, 6]","[2, 3, 4, 5, 6]",[],19,4,-0.00998254306614399,6,21,6,-5.541232585906982,5.531250042840838,True,1,0.07227110862731934,5,0
46,arctic_fox_prompt1,original_images/images/arctic fox.png,Animals,animal,Counting/Illusion,"How many legs do this animal have? Answer with a number in curly brackets, e.g., {9}.","How many legs do this animal have? Answer with a number in curly brackets, e.g., {9}.
Answer with exactly ONE digit (0-9). No text, no multiple digits.",4,4,{4},4,4,4,True,True,,4,4,1,"GT±2, single-token only","[2, 3, 4, 5, 6]","[2, 3, 4, 5, 6]",[],19,4,-0.0049972631968557835,6,21,6,-6.723747253417969,6.718749990221113,True,1,0.04198618233203888,5,0
48,asian_elephant_prompt1,original_images/images/asian elephant.png,Animals,animal,Counting/Illusion,"How many legs do this animal have? Answer with a number in curly brackets, e.g., {9}.","How many legs do this animal have? Answer with a number in curly brackets, e.g., {9}.
Answer with exactly ONE digit (0-9). No text, no multiple digits.",4,4,{4},4,4,4,True,True,,4,4,1,"GT±2, single-token only","[2, 3, 4, 5, 6]","[2, 3, 4, 5, 6]",[],19,4,-0.0008272086852230132,2,17,2,-8.610201835632324,8.609374626947101,True,1,0.008850866928696632,5,0
50,audi_prompt1,original_images/images/audi_black_convertible_0.png,Logos,cars,Counting/Illusion,"How many overlapping circles are there in the logo of this car? Answer with a number in curly brackets, e.g., {9}.","How many overlapping circles are there in the logo of this car? Answer with a number in curly brackets, e.g., {9}.
Answer with exactly ONE digit (0-9). No text, no multiple digits.",4,4,{4},4,4,4,True,True,,4,4,1,"GT±2, single-token only","[2, 3, 4, 5, 6]","[2, 3, 4, 5, 6]",[],19,4,-0.02124621905386448,3,18,3,-4.193121433258057,4.171875214204192,True,1,0.12586243450641632,5,0
52,audi_prompt1,original_images/images/audi_black_coupe_0.png,Logos,cars,Counting/Illusion,"How many overlapping circles are there in the logo of this car? Answer with a number in curly brackets, e.g., {9}.","How many overlapping circles are there in the logo of this car? Answer with a number in curly brackets, e.g., {9}.
Answer with exactly ONE digit (0-9). No text, no multiple digits.",4,4,{4},4,4,4,True,True,,4,4,1,"GT±2, single-token only","[2, 3, 4, 5, 6]","[2, 3, 4, 5, 6]",[],19,4,-0.08155244588851929,3,18,3,-2.675302505493164,2.5937500596046448,True,1,0.3222430944442749,5,0
54,audi_prompt1,original_images/images/audi_black_hatchback_0.png,Logos,cars,Counting/Illusion,"How many overlapping circles are there in the logo of this car? Answer with a number in curly brackets, e.g., {9}.","How many overlapping circles are there in the logo of this car? Answer with a number in curly brackets, e.g., {9}.
Answer with exactly ONE digit (0-9). No text, no multiple digits.",4,4,{3},3,4,3,False,False,,3,3,1,"GT±2, single-token only","[2, 3, 4, 5, 6]","[2, 3, 4, 5, 6]",[],19,4,-2.419329881668091,3,18,3,-0.16932988166809082,-2.25,False,2,0.5988092422485352,5,0
56,audi_prompt1,original_images/images/audi_black_sedan_0.png,Logos,cars,Counting/Illusion,"How many overlapping circles are there in the logo of this car? Answer with a number in curly brackets, e.g., {9}.","How many overlapping circles are there in the logo of this car? Answer with a number in curly brackets, e.g., {9}.
Answer with exactly ONE digit (0-9). No text, no multiple digits.",4,4,{4},4,4,4,True,True,,4,4,1,"GT±2, single-token only","[2, 3, 4, 5, 6]","[2, 3, 4, 5, 6]",[],19,4,-0.6193351149559021,3,18,3,-0.9005851149559021,0.28125,True,1,0.9464496970176697,5,0
58,audi_prompt1,original_images/images/audi_black_suv_0.png,Logos,cars,Counting/Illusion,"How many overlapping circles are there in the logo of this car? Answer with a number in curly brackets, e.g., {9}.","How many overlapping circles are there in the logo of this car? Answer with a number in curly brackets, e.g., {9}.
Answer with exactly ONE digit (0-9). No text, no multiple digits.",4,4,{4},4,4,4,True,True,,4,4,1,"GT±2, single-token only","[2, 3, 4, 5, 6]","[2, 3, 4, 5, 6]",[],19,4,-0.5035707950592041,3,18,3,-1.050445795059204,0.546875,True,1,0.8883510231971741,5,0
60,audi_prompt1,original_images/images/audi_gray_convertible_0.png,Logos,cars,Counting/Illusion,"How many overlapping circles are there in the logo of this car? Answer with a number in curly brackets, e.g., {9}.","How many overlapping circles are there in the logo of this car? Answer with a number in curly brackets, e.g., {9}.
Answer with exactly ONE digit (0-9). No text, no multiple digits.",4,4,{3},3,4,3,False,False,,3,3,1,"GT±2, single-token only","[2, 3, 4, 5, 6]","[2, 3, 4, 5, 6]",[],19,4,-1.0597529411315918,3,18,3,-0.6847530007362366,-0.3749999403953552,False,2,1.134022831916809,5,0
62,audi_prompt1,original_images/images/audi_gray_coupe_0.png,Logos,cars,Counting/Illusion,"How many overlapping circles are there in the logo of this car? Answer with a number in curly brackets, e.g., {9}.","How many overlapping circles are there in the logo of this car? Answer with a number in curly brackets, e.g., {9}.
Answer with exactly ONE digit (0-9). No text, no multiple digits.",4,4,{4},4,4,4,True,True,,4,4,1,"GT±2, single-token only","[2, 3, 4, 5, 6]","[2, 3, 4, 5, 6]",[],19,4,-0.34500962495803833,3,18,3,-1.3293845653533936,0.9843749403953552,True,1,0.7409035563468933,5,0
64,audi_prompt1,original_images/images/audi_gray_hatchback_0.png,Logos,cars,Counting/Illusion,"How many overlapping circles are there in the logo of this car? Answer with a number in curly brackets, e.g., {9}.","How many overlapping circles are there in the logo of this car? Answer with a number in curly brackets, e.g., {9}.
Answer with exactly ONE digit (0-9). No text, no multiple digits.",4,4,{4},4,4,4,True,True,,4,4,1,"GT±2, single-token only","[2, 3, 4, 5, 6]","[2, 3, 4, 5, 6]",[],19,4,-0.6339360475540161,3,18,3,-1.1808110475540161,0.546875,True,1,1.1615791320800781,5,0
66,audi_prompt1,original_images/images/audi_gray_sedan_0.png,Logos,cars,Counting/Illusion,"How many overlapping circles are there in the logo of this car? Answer with a number in curly brackets, e.g., {9}.","How many overlapping circles are there in the logo of this car? Answer with a number in curly brackets, e.g., {9}.
Answer with exactly ONE digit (0-9). No text, no multiple digits.",4,4,{4},4,4,4,True,True,,4,4,1,"GT±2, single-token only","[2, 3, 4, 5, 6]","[2, 3, 4, 5, 6]",[],19,4,-0.411586731672287,3,18,3,-1.3490867614746094,0.9375000298023224,True,1,0.9255340099334717,5,0
68,audi_prompt1,original_images/images/audi_gray_suv_0.png,Logos,cars,Counting/Illusion,"How many overlapping circles are there in the logo of this car? Answer with a number in curly brackets, e.g., {9}.","How many overlapping circles are there in the logo of this car? Answer with a number in curly brackets, e.g., {9}.
Answer with exactly ONE digit (0-9). No text, no multiple digits.",4,4,{4},4,4,4,True,True,,4,4,1,"GT±2, single-token only","[2, 3, 4, 5, 6]","[2, 3, 4, 5, 6]",[],19,4,-0.5681772232055664,3,18,3,-1.2400522232055664,0.671875,True,1,1.1312421560287476,5,0
70,audi_prompt1,original_images/images/audi_white_convertible_0.png,Logos,cars,Counting/Illusion,"How many overlapping circles are there in the logo of this car? Answer with a number in curly brackets, e.g., {9}.","How many overlapping circles are there in the logo of this car? Answer with a number in curly brackets, e.g., {9}.
Answer with exactly ONE digit (0-9). No text, no multiple digits.",4,4,{4},4,4,4,True,True,,4,4,1,"GT±2, single-token only","[2, 3, 4, 5, 6]","[2, 3, 4, 5, 6]",[],19,4,-0.29443415999412537,3,18,3,-1.5444341897964478,1.2500000298023224,True,1,0.7515089511871338,5,0
72,audi_prompt1,original_images/images/audi_white_coupe_0.png,Logos,cars,Counting/Illusion,"How many overlapping circles are there in the logo of this car? Answer with a number in curly brackets, e.g., {9}.","How many overlapping circles are there in the logo of this car? Answer with a number in curly brackets, e.g., {9}.
Answer with exactly ONE digit (0-9). No text, no multiple digits.",4,4,{4},4,4,4,True,True,,4,4,1,"GT±2, single-token only","[2, 3, 4, 5, 6]","[2, 3, 4, 5, 6]",[],19,4,-0.02587711811065674,3,18,3,-4.057126998901367,4.0312498807907104,True,1,0.1497425138950348,5,0
74,audi_prompt1,original_images/images/audi_white_hatchback_0.png,Logos,cars,Counting/Illusion,"How many overlapping circles are there in the logo of this car? Answer with a number in curly brackets, e.g., {9}.","How many overlapping circles are there in the logo of this car? Answer with a number in curly brackets, e.g., {9}.
Answer with exactly ONE digit (0-9). No text, no multiple digits.",4,4,{3},3,4,3,False,False,,3,3,1,"GT±2, single-token only","[2, 3, 4, 5, 6]","[2, 3, 4, 5, 6]",[],19,4,-0.9322611093521118,3,18,3,-0.7135111093521118,-0.21875,False,2,1.1479352712631226,5,0
76,audi_prompt1,original_images/images/audi_white_sedan_0.png,Logos,cars,Counting/Illusion,"How many overlapping circles are there in the logo of this car? Answer with a number in curly brackets, e.g., {9}.","How many overlapping circles are there in the logo of this car? Answer with a number in curly brackets, e.g., {9}.
Answer with exactly ONE digit (0-9). No text, no multiple digits.",4,4,{3},3,4,3,False,False,,3,3,1,"GT±2, single-token only","[2, 3, 4, 5, 6]","[2, 3, 4, 5, 6]",[],19,4,-1.3506180047988892,3,18,3,-0.36624300479888916,-0.984375,False,2,0.8261692523956299,5,0
78,audi_prompt1,original_images/images/audi_white_suv_0.png,Logos,cars,Counting/Illusion,"How many overlapping circles are there in the logo of this car? Answer with a number in curly brackets, e.g., {9}.","How many overlapping circles are there in the logo of this car? Answer with a number in curly brackets, e.g., {9}.
Answer with exactly ONE digit (0-9). No text, no multiple digits.",4,4,{4},4,4,4,True,True,,4,4,1,"GT±2, single-token only","[2, 3, 4, 5, 6]","[2, 3, 4, 5, 6]",[],19,4,-0.7107870578765869,3,18,3,-1.054537057876587,0.34375,True,1,1.178751826286316,5,0
80,avocet_prompt1,original_images/images/avocet.png,Animals,animal,Counting/Illusion,"How many legs do this animal have? Answer with a number in curly brackets, e.g., {9}.","How many legs do this animal have? Answer with a number in curly brackets, e.g., {9}.
Answer with exactly ONE digit (0-9). No text, no multiple digits.",2,2,{2},2,2,2,True,True,,2,2,1,"GT±2, single-token only","[0, 1, 2, 3, 4]","[0, 1, 2, 3, 4]",[],17,2,-0.0013148480793461204,1,16,1,-7.235689640045166,7.23437479196582,True,1,0.012217111885547638,5,0
82,bactrian_camel_prompt1,original_images/images/bactrian camel.png,Animals,animal,Counting/Illusion,"How many legs do this animal have? Answer with a number in curly brackets, e.g., {9}.","How many legs do this animal have? Answer with a number in curly brackets, e.g., {9}.
Answer with exactly ONE digit (0-9). No text, no multiple digits.",4,4,{4},4,4,4,True,True,,4,4,1,"GT±2, single-token only","[2, 3, 4, 5, 6]","[2, 3, 4, 5, 6]",[],19,4,-0.004204481840133667,6,21,6,-6.519829273223877,6.515624791383743,True,1,0.033304423093795776,5,0
84,bighorn_sheep_prompt1,original_images/images/bighorn sheep.png,Animals,animal,Counting/Illusion,"How many legs do this animal have? Answer with a number in curly brackets, e.g., {9}.","How many legs do this animal have? Answer with a number in curly brackets, e.g., {9}.
Answer with exactly ONE digit (0-9). No text, no multiple digits.",4,4,{4},4,4,4,True,True,,4,4,1,"GT±2, single-token only","[2, 3, 4, 5, 6]","[2, 3, 4, 5, 6]",[],19,4,-0.002074115676805377,6,21,6,-7.064574241638184,7.062500125961378,True,1,0.018584787845611572,5,0
86,bison_prompt1,original_images/images/bison.png,Animals,animal,Counting/Illusion,"How many legs do this animal have? Answer with a number in curly brackets, e.g., {9}.","How many legs do this animal have? Answer with a number in curly brackets, e.g., {9}.
Answer with exactly ONE digit (0-9). No text, no multiple digits.",4,4,{4},4,4,4,True,True,,4,4,1,"GT±2, single-token only","[2, 3, 4, 5, 6]","[2, 3, 4, 5, 6]",[],19,4,-0.0008572241058573127,6,21,6,-8.00085735321045,8.000000129104592,True,1,0.009077622555196285,5,0
88,bobcat_prompt1,original_images/images/bobcat.png,Animals,animal,Counting/Illusion,"How many legs do this animal have? Answer with a number in curly brackets, e.g., {9}.","How many legs do this animal have? Answer with a number in curly brackets, e.g., {9}.
Answer with exactly ONE digit (0-9). No text, no multiple digits.",4,4,{4},4,4,4,True,True,,4,4,1,"GT±2, single-token only","[2, 3, 4, 5, 6]","[2, 3, 4, 5, 6]",[],19,4,-0.04754457250237465,6,21,6,-5.563169479370117,5.5156249068677425,True,1,0.22428388893604279,5,0
90,buffalo_prompt1,original_images/images/buffalo.png,Animals,animal,Counting/Illusion,"How many legs do this animal have? Answer with a number in curly brackets, e.g., {9}.","How many legs do this animal have? Answer with a number in curly brackets, e.g., {9}.
Answer with exactly ONE digit (0-9). No text, no multiple digits.",4,4,{4},4,4,4,True,True,,4,4,1,"GT±2, single-token only","[2, 3, 4, 5, 6]","[2, 3, 4, 5, 6]",[],19,4,-0.0008596062543801963,6,21,6,-8.110234260559082,8.109374654304702,True,1,0.009161840192973614,5,0
92,camel_prompt1,original_images/images/camel.png,Animals,animal,Counting/Illusion,"How many legs do this animal have? Answer with a number in curly brackets, e.g., {9}.","How many legs do this animal have? Answer with a number in curly brackets, e.g., {9}.
Answer with exactly ONE digit (0-9). No text, no multiple digits.",4,4,{4},4,4,4,True,True,,4,4,1,"GT±2, single-token only","[2, 3, 4, 5, 6]","[2, 3, 4, 5, 6]",[],19,4,-0.0029673613607883453,6,21,6,-6.815467357635498,6.81249999627471,True,1,0.024801436811685562,5,0
94,caracal_prompt1,original_images/images/caracal.png,Animals,animal,Counting/Illusion,"How many legs do this animal have? Answer with a number in curly brackets, e.g., {9}.","How many legs do this animal have? Answer with a number in curly brackets, e.g., {9}.
Answer with exactly ONE digit (0-9). No text, no multiple digits.",4,4,{4},4,4,4,True,True,,4,4,1,"GT±2, single-token only","[2, 3, 4, 5, 6]","[2, 3, 4, 5, 6]",[],19,4,-0.013968325220048428,6,21,6,-5.654593467712402,5.640625142492354,True,1,0.09412988275289536,5,0
96,caribou_prompt1,original_images/images/caribou.png,Animals,animal,Counting/Illusion,"How many legs do this animal have? Answer with a number in curly brackets, e.g., {9}.","How many legs do this animal have? Answer with a number in curly brackets, e.g., {9}.
Answer with exactly ONE digit (0-9). No text, no multiple digits.",4,4,{4},4,4,4,True,True,,4,4,1,"GT±2, single-token only","[2, 3, 4, 5, 6]","[2, 3, 4, 5, 6]",[],19,4,-0.0050900159403681755,6,21,6,-7.551965236663818,7.54687522072345,True,1,0.03590955585241318,5,0
98,cassowary_prompt1,original_images/images/cassowary.png,Animals,animal,Counting/Illusion,"How many legs do this animal have? Answer with a number in curly brackets, e.g., {9}.","How many legs do this animal have? Answer with a number in curly brackets, e.g., {9}.
Answer with exactly ONE digit (0-9). No text, no multiple digits.",2,2,{2},2,2,2,True,True,,2,2,1,"GT±2, single-token only","[0, 1, 2, 3, 4]","[0, 1, 2, 3, 4]",[],17,2,-0.005616242066025734,4,19,4,-5.396241188049316,5.390624945983291,True,1,0.03976769745349884,5,0
100,cheetah_prompt1,original_images/images/cheetah.png,Animals,animal,Counting/Illusion,"How many legs do this animal have? Answer with a number in curly brackets, e.g., {9}.","How many legs do this animal have? Answer with a number in curly brackets, e.g., {9}.
Answer with exactly ONE digit (0-9). No text, no multiple digits.",4,4,{4},4,4,4,True,True,,4,4,1,"GT±2, single-token only","[2, 3, 4, 5, 6]","[2, 3, 4, 5, 6]",[],19,4,-0.02663770318031311,6,21,6,-6.448512554168701,6.421874850988388,True,1,0.14120633900165558,5,0
102,chicken_prompt1,original_images/images/chicken.png,Animals,animal,Counting/Illusion,"How many legs do this animal have? Answer with a number in curly brackets, e.g., {9}.","How many legs do this animal have? Answer with a number in curly brackets, e.g., {9}.
Answer with exactly ONE digit (0-9). No text, no multiple digits.",2,2,{2},2,2,2,True,True,,2,2,1,"GT±2, single-token only","[0, 1, 2, 3, 4]","[0, 1, 2, 3, 4]",[],17,2,-0.0032226317562162876,4,19,4,-6.237597465515137,6.23437483375892,True,1,0.026168299838900566,5,0
104,cow_prompt1,original_images/images/cow.png,Animals,animal,Counting/Illusion,"How many legs do this animal have? Answer with a number in curly brackets, e.g., {9}.","How many legs do this animal have? Answer with a number in curly brackets, e.g., {9}.
Answer with exactly ONE digit (0-9). No text, no multiple digits.",4,4,{4},4,4,4,True,True,,4,4,1,"GT±2, single-token only","[2, 3, 4, 5, 6]","[2, 3, 4, 5, 6]",[],19,4,-0.0004912600270472467,6,21,6,-9.04736614227295,9.046874882245902,True,1,0.005487886723130941,5,0
106,coyote_prompt1,original_images/images/coyote.png,Animals,animal,Counting/Illusion,"How many legs do this animal have? Answer with a number in curly brackets, e.g., {9}.","How many legs do this animal have? Answer with a number in curly brackets, e.g., {9}.
Answer with exactly ONE digit (0-9). No text, no multiple digits.",4,4,{4},4,4,4,True,True,,4,4,1,"GT±2, single-token only","[2, 3, 4, 5, 6]","[2, 3, 4, 5, 6]",[],19,4,-0.0038419971242547035,6,21,6,-7.019466876983643,7.015624879859388,True,1,0.03400471433997154,5,0
108,crane_prompt1,original_images/images/crane.png,Animals,animal,Counting/Illusion,"How many legs do this animal have? Answer with a number in curly brackets, e.g., {9}.","How many legs do this animal have? Answer with a number in curly brackets, e.g., {9}.
Answer with exactly ONE digit (0-9). No text, no multiple digits.",2,2,{2},2,2,2,True,True,,2,2,1,"GT±2, single-token only","[0, 1, 2, 3, 4]","[0, 1, 2, 3, 4]",[],17,2,-0.0011261318577453494,4,19,4,-7.954251289367676,7.95312515750993,True,1,0.01092243380844593,5,0
110,deer_prompt1,original_images/images/deer.png,Animals,animal,Counting/Illusion,"How many legs do this animal have? Answer with a number in curly brackets, e.g., {9}.","How many legs do this animal have? Answer with a number in curly brackets, e.g., {9}.
Answer with exactly ONE digit (0-9). No text, no multiple digits.",4,4,{4},4,4,4,True,True,,4,4,1,"GT±2, single-token only","[2, 3, 4, 5, 6]","[2, 3, 4, 5, 6]",[],19,4,-0.005431774538010359,6,21,6,-6.208556652069092,6.203124877531081,True,1,0.04253390058875084,5,0
112,dingo_prompt1,original_images/images/dingo.png,Animals,animal,Counting/Illusion,"How many legs do this animal have? Answer with a number in curly brackets, e.g., {9}.","How many legs do this animal have? Answer with a number in curly brackets, e.g., {9}.
Answer with exactly ONE digit (0-9). No text, no multiple digits.",4,4,{4},4,4,4,True,True,,4,4,1,"GT±2, single-token only","[2, 3, 4, 5, 6]","[2, 3, 4, 5, 6]",[],19,4,-0.00696102250367403,6,21,6,-6.772585868835449,6.765624846331775,True,1,0.055246006697416306,5,0
114,domestic_cat_prompt1,original_images/images/domestic cat.png,Animals,animal,Counting/Illusion,"How many legs do this animal have? Answer with a number in curly brackets, e.g., {9}.","How many legs do this animal have? Answer with a number in curly brackets, e.g., {9}.
Answer with exactly ONE digit (0-9). No text, no multiple digits.",4,4,{4},4,4,4,True,True,,4,4,1,"GT±2, single-token only","[2, 3, 4, 5, 6]","[2, 3, 4, 5, 6]",[],19,4,-0.009302014485001564,6,21,6,-5.696802139282227,5.687500124797225,True,1,0.06560755521059036,5,0
116,domestic_dog_prompt1,original_images/images/domestic dog.png,Animals,animal,Counting/Illusion,"How many legs do this animal have? Answer with a number in curly brackets, e.g., {9}.","How many legs do this animal have? Answer with a number in curly brackets, e.g., {9}.
Answer with exactly ONE digit (0-9). No text, no multiple digits.",4,4,{4},4,4,4,True,True,,4,4,1,"GT±2, single-token only","[2, 3, 4, 5, 6]","[2, 3, 4, 5, 6]",[],19,4,-0.004415168426930904,6,21,6,-7.238790035247803,7.234374866820872,True,1,0.037899360060691833,5,0
118,donkey_prompt1,original_images/images/donkey.png,Animals,animal,Counting/Illusion,"How many legs do this animal have? Answer with a number in curly brackets, e.g., {9}.","How many legs do this animal have? Answer with a number in curly brackets, e.g., {9}.
Answer with exactly ONE digit (0-9). No text, no multiple digits.",4,4,{4},4,4,4,True,True,,4,4,1,"GT±2, single-token only","[2, 3, 4, 5, 6]","[2, 3, 4, 5, 6]",[],19,4,-0.0011948358733206987,6,21,6,-7.673069953918457,7.671875118045136,True,1,0.0121126938611269,5,0
120,dromedary_camel_prompt1,original_images/images/dromedary camel.png,Animals,animal,Counting/Illusion,"How many legs do this animal have? Answer with a number in curly brackets, e.g., {9}.","How many legs do this animal have? Answer with a number in curly brackets, e.g., {9}.
Answer with exactly ONE digit (0-9). No text, no multiple digits.",4,4,{4},4,4,4,True,True,,4,4,1,"GT±2, single-token only","[2, 3, 4, 5, 6]","[2, 3, 4, 5, 6]",[],19,4,-0.0025805288460105658,6,21,6,-6.815080642700195,6.812500113854185,True,1,0.02207683026790619,5,0
122,duck_prompt1,original_images/images/duck.png,Animals,animal,Counting/Illusion,"How many legs do this animal have? Answer with a number in curly brackets, e.g., {9}.","How many legs do this animal have? Answer with a number in curly brackets, e.g., {9}.
Answer with exactly ONE digit (0-9). No text, no multiple digits.",2,2,{2},2,2,2,True,True,,2,2,1,"GT±2, single-token only","[0, 1, 2, 3, 4]","[0, 1, 2, 3, 4]",[],17,2,-0.0016470688860863447,4,19,4,-7.407896995544434,7.406249926658347,True,1,0.015527281910181046,5,0
124,egret_prompt1,original_images/images/egret.png,Animals,animal,Counting/Illusion,"How many legs do this animal have? Answer with a number in curly brackets, e.g., {9}.","How many legs do this animal have? Answer with a number in curly brackets, e.g., {9}.
Answer with exactly ONE digit (0-9). No text, no multiple digits.",2,2,{2},2,2,2,True,True,,2,2,1,"GT±2, single-token only","[0, 1, 2, 3, 4]","[0, 1, 2, 3, 4]",[],17,2,-0.001579943229444325,1,16,1,-6.954704761505127,6.953124818275683,True,1,0.014159182086586952,5,0
126,eland_prompt1,original_images/images/eland.png,Animals,animal,Counting/Illusion,"How many legs do this animal have? Answer with a number in curly brackets, e.g., {9}.","How many legs do this animal have? Answer with a number in curly brackets, e.g., {9}.
Answer with exactly ONE digit (0-9). No text, no multiple digits.",4,4,{4},4,4,4,True,True,,4,4,1,"GT±2, single-token only","[2, 3, 4, 5, 6]","[2, 3, 4, 5, 6]",[],19,4,-0.004509161692112684,6,21,6,-6.692008972167969,6.687499810475856,True,1,0.037751004099845886,5,0
128,elk_prompt1,original_images/images/elk.png,Animals,animal,Counting/Illusion,"How many legs do this animal have? Answer with a number in curly brackets, e.g., {9}.","How many legs do this animal have? Answer with a number in curly brackets, e.g., {9}.
Answer with exactly ONE digit (0-9). No text, no multiple digits.",4,4,{4},4,4,4,True,True,,4,4,1,"GT±2, single-token only","[2, 3, 4, 5, 6]","[2, 3, 4, 5, 6]",[],19,4,-0.001262106467038393,6,21,6,-8.095011711120605,8.093749604653567,True,1,0.012535611167550087,5,0
130,emu_prompt1,original_images/images/emu.png,Animals,animal,Counting/Illusion,"How many legs do this animal have? Answer with a number in curly brackets, e.g., {9}.","How many legs do this animal have? Answer with a number in curly brackets, e.g., {9}.
Answer with exactly ONE digit (0-9). No text, no multiple digits.",2,2,{2},2,2,2,True,True,,2,2,1,"GT±2, single-token only","[0, 1, 2, 3, 4]","[0, 1, 2, 3, 4]",[],17,2,-0.012935183010995388,4,19,4,-4.731685161590576,4.718749978579581,True,1,0.08302827924489975,5,0
132,fennec_fox_prompt1,original_images/images/fennec fox.png,Animals,animal,Counting/Illusion,"How many legs do this animal have? Answer with a number in curly brackets, e.g., {9}.","How many legs do this animal have? Answer with a number in curly brackets, e.g., {9}.
Answer with exactly ONE digit (0-9). No text, no multiple digits.",4,4,{4},4,4,4,True,True,,4,4,1,"GT±2, single-token only","[2, 3, 4, 5, 6]","[2, 3, 4, 5, 6]",[],19,4,-0.0046386257745325565,6,21,6,-6.379638671875,6.375000046100467,True,1,0.03902684524655342,5,0
134,gazelle_prompt1,original_images/images/gazelle.png,Animals,animal,Counting/Illusion,"How many legs do this animal have? Answer with a number in curly brackets, e.g., {9}.","How many legs do this animal have? Answer with a number in curly brackets, e.g., {9}.
Answer with exactly ONE digit (0-9). No text, no multiple digits.",4,4,{4},4,4,4,True,True,,4,4,1,"GT±2, single-token only","[2, 3, 4, 5, 6]","[2, 3, 4, 5, 6]",[],19,4,-0.006165176630020142,6,21,6,-5.881165027618408,5.874999850988388,True,1,0.04767119139432907,5,0
136,giraffe_prompt1,original_images/images/giraffe.png,Animals,animal,Counting/Illusion,"How many legs do this animal have? Answer with a number in curly brackets, e.g., {9}.","How many legs do this animal have? Answer with a number in curly brackets, e.g., {9}.
Answer with exactly ONE digit (0-9). No text, no multiple digits.",4,4,{4},4,4,4,True,True,,4,4,1,"GT±2, single-token only","[2, 3, 4, 5, 6]","[2, 3, 4, 5, 6]",[],19,4,-0.000819347333163023,6,21,6,-7.844569206237793,7.84374985890463,True,1,0.008397492580115795,5,0
138,gnu_prompt1,original_images/images/gnu.png,Animals,animal,Counting/Illusion,"How many legs do this animal have? Answer with a number in curly brackets, e.g., {9}.","How many legs do this animal have? Answer with a number in curly brackets, e.g., {9}.
Answer with exactly ONE digit (0-9). No text, no multiple digits.",4,4,{4},4,4,4,True,True,,4,4,1,"GT±2, single-token only","[2, 3, 4, 5, 6]","[2, 3, 4, 5, 6]",[],19,4,-0.001765955938026309,6,21,6,-7.439265727996826,7.4374997720588,True,1,0.0170473363250494,5,0
140,goat_prompt1,original_images/images/goat.png,Animals,animal,Counting/Illusion,"How many legs do this animal have? Answer with a number in curly brackets, e.g., {9}.","How many legs do this animal have? Answer with a number in curly brackets, e.g., {9}.
Answer with exactly ONE digit (0-9). No text, no multiple digits.",4,4,{4},4,4,4,True,True,,4,4,1,"GT±2, single-token only","[2, 3, 4, 5, 6]","[2, 3, 4, 5, 6]",[],19,4,-0.0017144280718639493,6,21,6,-7.32983922958374,7.328124801511876,True,1,0.016159506514668465,5,0
142,gray_wolf_prompt1,original_images/images/gray wolf.png,Animals,animal,Counting/Illusion,"How many legs do this animal have? Answer with a number in curly brackets, e.g., {9}.","How many legs do this animal have? Answer with a number in curly brackets, e.g., {9}.
Answer with exactly ONE digit (0-9). No text, no multiple digits.",4,4,{4},4,4,4,True,True,,4,4,1,"GT±2, single-token only","[2, 3, 4, 5, 6]","[2, 3, 4, 5, 6]",[],19,4,-0.00432852515950799,6,21,6,-7.269953727722168,7.26562520256266,True,1,0.03644592687487602,5,0
144,hare_prompt1,original_images/images/hare.png,Animals,animal,Counting/Illusion,"How many legs do this animal have? Answer with a number in curly brackets, e.g., {9}.","How many legs do this animal have? Answer with a number in curly brackets, e.g., {9}.
Answer with exactly ONE digit (0-9). No text, no multiple digits.",4,4,{4},4,4,4,True,True,,4,4,1,"GT±2, single-token only","[2, 3, 4, 5, 6]","[2, 3, 4, 5, 6]",[],19,4,-0.015439392998814583,6,21,6,-4.421689510345459,4.406250117346644,True,1,0.09500505030155182,5,0
146,heron_prompt1,original_images/images/heron.png,Animals,animal,Counting/Illusion,"How many legs do this animal have? Answer with a number in curly brackets, e.g., {9}.","How many legs do this animal have? Answer with a number in curly brackets, e.g., {9}.
Answer with exactly ONE digit (0-9). No text, no multiple digits.",2,2,{2},2,2,2,True,True,,2,2,1,"GT±2, single-token only","[0, 1, 2, 3, 4]","[0, 1, 2, 3, 4]",[],17,2,-0.0014027050929144025,1,16,1,-7.548277854919434,7.546875149826519,True,1,0.013338574208319187,5,0
148,hippopotamus_prompt1,original_images/images/hippopotamus.png,Animals,animal,Counting/Illusion,"How many legs do this animal have? Answer with a number in curly brackets, e.g., {9}.","How many legs do this animal have? Answer with a number in curly brackets, e.g., {9}.
Answer with exactly ONE digit (0-9). No text, no multiple digits.",4,4,{4},4,4,4,True,True,,4,4,1,"GT±2, single-token only","[2, 3, 4, 5, 6]","[2, 3, 4, 5, 6]",[],19,4,-0.0033054498489946127,2,17,2,-7.018930435180664,7.0156249853316694,True,1,0.03183584660291672,5,0
150,horse_prompt1,original_images/images/horse.png,Animals,animal,Counting/Illusion,"How many legs do this animal have? Answer with a number in curly brackets, e.g., {9}.","How many legs do this animal have? Answer with a number in curly brackets, e.g., {9}.
Answer with exactly ONE digit (0-9). No text, no multiple digits.",4,4,{4},4,4,4,True,True,,4,4,1,"GT±2, single-token only","[2, 3, 4, 5, 6]","[2, 3, 4, 5, 6]",[],19,4,-0.0033886174205690622,6,21,6,-7.909638404846191,7.906249787425622,True,1,0.027069739997386932,5,0
152,hyena_prompt1,original_images/images/hyena.png,Animals,animal,Counting/Illusion,"How many legs do this animal have? Answer with a number in curly brackets, e.g., {9}.","How many legs do this animal have? Answer with a number in curly brackets, e.g., {9}.
Answer with exactly ONE digit (0-9). No text, no multiple digits.",4,4,{4},4,4,4,True,True,,4,4,1,"GT±2, single-token only","[2, 3, 4, 5, 6]","[2, 3, 4, 5, 6]",[],19,4,-0.005414582323282957,6,21,6,-6.8335394859313965,6.8281249036081135,True,1,0.046315211802721024,5,0
154,ibex_prompt1,original_images/images/ibex.png,Animals,animal,Counting/Illusion,"How many legs do this animal have? Answer with a number in curly brackets, e.g., {9}.","How many legs do this animal have? Answer with a number in curly brackets, e.g., {9}.
Answer with exactly ONE digit (0-9). No text, no multiple digits.",4,4,{4},4,4,4,True,True,,4,4,1,"GT±2, single-token only","[2, 3, 4, 5, 6]","[2, 3, 4, 5, 6]",[],19,4,-0.0026395025197416544,6,21,6,-6.658889293670654,6.656249791150913,True,1,0.02279440313577652,5,0
156,ibis_prompt1,original_images/images/ibis.png,Animals,animal,Counting/Illusion,"How many legs do this animal have? Answer with a number in curly brackets, e.g., {9}.","How many legs do this animal have? Answer with a number in curly brackets, e.g., {9}.
Answer with exactly ONE digit (0-9). No text, no multiple digits.",2,2,{2},2,2,2,True,True,,2,2,1,"GT±2, single-token only","[0, 1, 2, 3, 4]","[0, 1, 2, 3, 4]",[],17,2,-0.0013447299133986235,1,16,1,-7.782594680786133,7.781249950872734,True,1,0.012898284941911697,5,0
158,impala_prompt1,original_images/images/impala.png,Animals,animal,Counting/Illusion,"How many legs do this animal have? Answer with a number in curly brackets, e.g., {9}.","How many legs do this animal have? Answer with a number in curly brackets, e.g., {9}.
Answer with exactly ONE digit (0-9). No text, no multiple digits.",4,4,{4},4,4,4,True,True,,4,4,1,"GT±2, single-token only","[2, 3, 4, 5, 6]","[2, 3, 4, 5, 6]",[],19,4,-0.0049653551541268826,6,21,6,-6.067465305328369,6.062499950174242,True,1,0.040211424231529236,5,0
160,indian_rhinoceros_prompt1,original_images/images/indian rhinoceros.png,Animals,animal,Counting/Illusion,"How many legs do this animal have? Answer with a number in curly brackets, e.g., {9}.","How many legs do this animal have? Answer with a number in curly brackets, e.g., {9}.
Answer with exactly ONE digit (0-9). No text, no multiple digits.",4,4,{4},4,4,4,True,True,,4,4,1,"GT±2, single-token only","[2, 3, 4, 5, 6]","[2, 3, 4, 5, 6]",[],19,4,-0.002188075101003051,6,21,6,-7.564688205718994,7.562500130617991,True,1,0.02114955708384514,5,0
162,jackal_prompt1,original_images/images/jackal.png,Animals,animal,Counting/Illusion,"How many legs do this animal have? Answer with a number in curly brackets, e.g., {9}.","How many legs do this animal have? Answer with a number in curly brackets, e.g., {9}.
Answer with exactly ONE digit (0-9). No text, no multiple digits.",4,4,{4},4,4,4,True,True,,4,4,1,"GT±2, single-token only","[2, 3, 4, 5, 6]","[2, 3, 4, 5, 6]",[],19,4,-0.004615131299942732,6,21,6,-6.582740306854248,6.578125175554305,True,1,0.04010697081685066,5,0
164,jaguar_prompt1,original_images/images/jaguar.png,Animals,animal,Counting/Illusion,"How many legs do this animal have? Answer with a number in curly brackets, e.g., {9}.","How many legs do this animal have? Answer with a number in curly brackets, e.g., {9}.
Answer with exactly ONE digit (0-9). No text, no multiple digits.",4,4,{4},4,4,4,True,True,,4,4,1,"GT±2, single-token only","[2, 3, 4, 5, 6]","[2, 3, 4, 5, 6]",[],19,4,-0.015663687139749527,6,21,6,-6.2500386238098145,6.234374936670065,True,1,0.09766466915607452,5,0
166,kudu_prompt1,original_images/images/kudu.png,Animals,animal,Counting/Illusion,"How many legs do this animal have? Answer with a number in curly brackets, e.g., {9}.","How many legs do this animal have? Answer with a number in curly brackets, e.g., {9}.
Answer with exactly ONE digit (0-9). No text, no multiple digits.",4,4,{4},4,4,4,True,True,,4,4,1,"GT±2, single-token only","[2, 3, 4, 5, 6]","[2, 3, 4, 5, 6]",[],19,4,-0.0022025867365300655,6,21,6,-7.26782751083374,7.26562492409721,True,1,0.020032839849591255,5,0
168,lapwing_prompt1,original_images/images/lapwing.png,Animals,animal,Counting/Illusion,"How many legs do this animal have? Answer with a number in curly brackets, e.g., {9}.","How many legs do this animal have? Answer with a number in curly brackets, e.g., {9}.
Answer with exactly ONE digit (0-9). No text, no multiple digits.",2,2,{2},2,2,2,True,True,,2,2,1,"GT±2, single-token only","[0, 1, 2, 3, 4]","[0, 1, 2, 3, 4]",[],17,2,-0.0014779369812458754,1,16,1,-7.2514777183532715,7.249999781372026,True,1,0.013666379265487194,5,0
170,leopard_prompt1,original_images/images/leopard.png,Animals,animal,Counting/Illusion,"How many legs do this animal have? Answer with a number in curly brackets, e.g., {9}.","How many legs do this animal have? Answer with a number in curly brackets, e.g., {9}.
Answer with exactly ONE digit (0-9). No text, no multiple digits.",4,4,{4},4,4,4,True,True,,4,4,1,"GT±2, single-token only","[2, 3, 4, 5, 6]","[2, 3, 4, 5, 6]",[],19,4,-0.0077615585178136826,6,21,6,-6.820261478424072,6.812499919906259,True,1,0.0559113584458828,5,0
172,lion_prompt1,original_images/images/lion.png,Animals,animal,Counting/Illusion,"How many legs do this animal have? Answer with a number in curly brackets, e.g., {9}.","How many legs do this animal have? Answer with a number in curly brackets, e.g., {9}.
Answer with exactly ONE digit (0-9). No text, no multiple digits.",4,4,{4},4,4,4,True,True,,4,4,1,"GT±2, single-token only","[2, 3, 4, 5, 6]","[2, 3, 4, 5, 6]",[],19,4,-0.0017090728506445885,6,21,6,-8.017333984375,8.015624911524355,True,1,0.016458261758089066,5,0
174,llama_prompt1,original_images/images/llama.png,Animals,animal,Counting/Illusion,"How many legs do this animal have? Answer with a number in curly brackets, e.g., {9}.","How many legs do this animal have? Answer with a number in curly brackets, e.g., {9}.
Answer with exactly ONE digit (0-9). No text, no multiple digits.",4,4,{4},4,4,4,True,True,,4,4,1,"GT±2, single-token only","[2, 3, 4, 5, 6]","[2, 3, 4, 5, 6]",[],19,4,-0.0009352362249046564,6,21,6,-7.875935077667236,7.874999841442332,True,1,0.009392963722348213,5,0
176,lynx_prompt1,original_images/images/lynx.png,Animals,animal,Counting/Illusion,"How many legs do this animal have? Answer with a number in curly brackets, e.g., {9}.","How many legs do this animal have? Answer with a number in curly brackets, e.g., {9}.
Answer with exactly ONE digit (0-9). No text, no multiple digits.",4,4,{4},4,4,4,True,True,,4,4,1,"GT±2, single-token only","[2, 3, 4, 5, 6]","[2, 3, 4, 5, 6]",[],19,4,-0.03634302318096161,6,21,6,-5.505093097686768,5.468750074505806,True,1,0.18885940313339233,5,0
178,maned_wolf_prompt1,original_images/images/maned wolf.png,Animals,animal,Counting/Illusion,"How many legs do this animal have? Answer with a number in curly brackets, e.g., {9}.","How many legs do this animal have? Answer with a number in curly brackets, e.g., {9}.
Answer with exactly ONE digit (0-9). No text, no multiple digits.",4,4,{4},4,4,4,True,True,,4,4,1,"GT±2, single-token only","[2, 3, 4, 5, 6]","[2, 3, 4, 5, 6]",[],19,4,-0.005746036767959595,6,21,6,-6.161995887756348,6.156249850988388,True,1,0.047248538583517075,5,0
180,maserati_prompt1,original_images/images/maserati_black_convertible_0.png,Logos,cars,Counting/Illusion,"How many prongs are there in the logo of this car? Answer with a number in curly brackets, e.g., {9}.","How many prongs are there in the logo of this car? Answer with a number in curly brackets, e.g., {9}.
Answer with exactly ONE digit (0-9). No text, no multiple digits.",3,3,{3},3,3,3,True,True,,3,3,1,"GT±2, single-token only","[1, 2, 3, 4, 5]","[1, 2, 3, 4, 5]",[],18,3,-0.264678418636322,2,17,2,-1.6084284782409668,1.3437500596046448,True,1,0.6921998262405396,5,0
184,maserati_prompt1,original_images/images/maserati_black_sedan_0.png,Logos,cars,Counting/Illusion,"How many prongs are there in the logo of this car? Answer with a number in curly brackets, e.g., {9}.","How many prongs are there in the logo of this car? Answer with a number in curly brackets, e.g., {9}.
Answer with exactly ONE digit (0-9). No text, no multiple digits.",3,3,{3},3,3,3,True,True,,3,3,1,"GT±2, single-token only","[1, 2, 3, 4, 5]","[1, 2, 3, 4, 5]",[],18,3,-0.2996756136417389,2,17,2,-2.643425703048706,2.343750089406967,True,1,1.0571482181549072,5,0
186,maserati_prompt1,original_images/images/maserati_black_sports car_0.png,Logos,cars,Counting/Illusion,"How many prongs are there in the logo of this car? Answer with a number in curly brackets, e.g., {9}.","How many prongs are there in the logo of this car? Answer with a number in curly brackets, e.g., {9}.
Answer with exactly ONE digit (0-9). No text, no multiple digits.",3,3,{3},3,3,3,True,True,,3,3,1,"GT±2, single-token only","[1, 2, 3, 4, 5]","[1, 2, 3, 4, 5]",[],18,3,-1.267075777053833,2,17,2,-1.501450777053833,0.234375,True,1,1.8448094129562378,5,0
188,maserati_prompt1,original_images/images/maserati_black_suv_0.png,Logos,cars,Counting/Illusion,"How many prongs are there in the logo of this car? Answer with a number in curly brackets, e.g., {9}.","How many prongs are there in the logo of this car? Answer with a number in curly brackets, e.g., {9}.
Answer with exactly ONE digit (0-9). No text, no multiple digits.",3,3,{3},3,3,3,True,True,,3,3,1,"GT±2, single-token only","[1, 2, 3, 4, 5]","[1, 2, 3, 4, 5]",[],18,3,-0.7634292840957642,2,17,2,-0.9509292840957642,0.1875,True,1,1.2542699575424194,5,0
190,maserati_prompt1,original_images/images/maserati_gray_convertible_0.png,Logos,cars,Counting/Illusion,"How many prongs are there in the logo of this car? Answer with a number in curly brackets, e.g., {9}.","How many prongs are there in the logo of this car? Answer with a number in curly brackets, e.g., {9}.
Answer with exactly ONE digit (0-9). No text, no multiple digits.",3,3,{3},3,3,3,True,True,,3,3,1,"GT±2, single-token only","[1, 2, 3, 4, 5]","[1, 2, 3, 4, 5]",[],18,3,-0.383518248796463,2,17,2,-1.4928932189941406,1.1093749701976776,True,1,0.9759585857391357,5,0
192,maserati_prompt1,original_images/images/maserati_gray_coupe_0.png,Logos,cars,Counting/Illusion,"How many prongs are there in the logo of this car? Answer with a number in curly brackets, e.g., {9}.","How many prongs are there in the logo of this car? Answer with a number in curly brackets, e.g., {9}.
Answer with exactly ONE digit (0-9). No text, no multiple digits.",3,3,{3},3,3,3,True,True,,3,3,1,"GT±2, single-token only","[1, 2, 3, 4, 5]","[1, 2, 3, 4, 5]",[],18,3,-0.24569988250732422,2,17,2,-1.9175748825073242,1.671875,True,1,0.7928571701049805,5,0
194,maserati_prompt1,original_images/images/maserati_gray_sedan_0.png,Logos,cars,Counting/Illusion,"How many prongs are there in the logo of this car? Answer with a number in curly brackets, e.g., {9}.","How many prongs are there in the logo of this car? Answer with a number in curly brackets, e.g., {9}.
Answer with exactly ONE digit (0-9). No text, no multiple digits.",3,3,{3},3,3,3,True,True,,3,3,1,"GT±2, single-token only","[1, 2, 3, 4, 5]","[1, 2, 3, 4, 5]",[],18,3,-1.0021957159042358,5,20,5,-1.9865707159042358,0.984375,True,1,1.919767141342163,5,0
196,maserati_prompt1,original_images/images/maserati_gray_sports car_0.png,Logos,cars,Counting/Illusion,"How many prongs are there in the logo of this car? Answer with a number in curly brackets, e.g., {9}.","How many prongs are there in the logo of this car? Answer with a number in curly brackets, e.g., {9}.
Answer with exactly ONE digit (0-9). No text, no multiple digits.",3,3,{3},3,3,3,True,True,,3,3,1,"GT±2, single-token only","[1, 2, 3, 4, 5]","[1, 2, 3, 4, 5]",[],18,3,-0.006201074458658695,2,17,2,-6.224951267242432,6.218750192783773,True,1,0.05021129548549652,5,0
198,maserati_prompt1,original_images/images/maserati_gray_suv_0.png,Logos,cars,Counting/Illusion,"How many prongs are there in the logo of this car? Answer with a number in curly brackets, e.g., {9}.","How many prongs are there in the logo of this car? Answer with a number in curly brackets, e.g., {9}.
Answer with exactly ONE digit (0-9). No text, no multiple digits.",3,3,{3},3,3,3,True,True,,3,3,1,"GT±2, single-token only","[1, 2, 3, 4, 5]","[1, 2, 3, 4, 5]",[],18,3,-0.1741134226322174,2,17,2,-2.4553635120391846,2.281250089406967,True,1,0.6816417574882507,5,0
200,maserati_prompt1,original_images/images/maserati_white_convertible_0.png,Logos,cars,Counting/Illusion,"How many prongs are there in the logo of this car? Answer with a number in curly brackets, e.g., {9}.","How many prongs are there in the logo of this car? Answer with a number in curly brackets, e.g., {9}.
Answer with exactly ONE digit (0-9). No text, no multiple digits.",3,3,{2},2,3,2,False,False,,2,2,1,"GT±2, single-token only","[1, 2, 3, 4, 5]","[1, 2, 3, 4, 5]",[],18,3,-1.0373305082321167,2,17,2,-0.9592055082321167,-0.078125,False,2,1.5499581098556519,5,0
202,maserati_prompt1,original_images/images/maserati_white_coupe_0.png,Logos,cars,Counting/Illusion,"How many prongs are there in the logo of this car? Answer with a number in curly brackets, e.g., {9}.","How many prongs are there in the logo of this car? Answer with a number in curly brackets, e.g., {9}.
Answer with exactly ONE digit (0-9). No text, no multiple digits.",3,3,{3},3,3,3,True,True,,3,3,1,"GT±2, single-token only","[1, 2, 3, 4, 5]","[1, 2, 3, 4, 5]",[],18,3,-0.8963229656219482,2,17,2,-1.0838229656219482,0.1875,True,1,1.546277403831482,5,0
204,maserati_prompt1,original_images/images/maserati_white_sedan_0.png,Logos,cars,Counting/Illusion,"How many prongs are there in the logo of this car? Answer with a number in curly brackets, e.g., {9}.","How many prongs are there in the logo of this car? Answer with a number in curly brackets, e.g., {9}.
Answer with exactly ONE digit (0-9). No text, no multiple digits.",3,3,{3},3,3,3,True,True,,3,3,1,"GT±2, single-token only","[1, 2, 3, 4, 5]","[1, 2, 3, 4, 5]",[],18,3,-0.5122650265693665,2,17,2,-1.4028899669647217,0.8906249403953552,True,1,1.224981427192688,5,0
206,maserati_prompt1,original_images/images/maserati_white_sports car_0.png,Logos,cars,Counting/Illusion,"How many prongs are there in the logo of this car? Answer with a number in curly brackets, e.g., {9}.","How many prongs are there in the logo of this car? Answer with a number in curly brackets, e.g., {9}.
Answer with exactly ONE digit (0-9). No text, no multiple digits.",3,3,{3},3,3,3,True,True,,3,3,1,"GT±2, single-token only","[1, 2, 3, 4, 5]","[1, 2, 3, 4, 5]",[],18,3,-0.383189857006073,2,17,2,-1.8988149166107178,1.5156250596046448,True,1,1.1244056224822998,5,0
208,maserati_prompt1,original_images/images/maserati_white_suv_0.png,Logos,cars,Counting/Illusion,"How many prongs are there in the logo of this car? Answer with a number in curly brackets, e.g., {9}.","How many prongs are there in the logo of this car? Answer with a number in curly brackets, e.g., {9}.
Answer with exactly ONE digit (0-9). No text, no multiple digits.",3,3,{3},3,3,3,True,True,,3,3,1,"GT±2, single-token only","[1, 2, 3, 4, 5]","[1, 2, 3, 4, 5]",[],18,3,-0.8094144463539124,5,20,5,-2.0437893867492676,1.2343749403953552,True,1,1.772425651550293,5,0
210,mercedes_prompt1,original_images/images/mercedes-benz_black_convertible_0.png,Logos,cars,Counting/Illusion,"How many points of the star are there on the logo of this car? Answer with a number in curly brackets, e.g., {9}.","How many points of the star are there on the logo of this car? Answer with a number in curly brackets, e.g., {9}.
Answer with exactly ONE digit (0-9). No text, no multiple digits.",3,3,{5},5,3,5,False,False,,5,5,1,"GT±2, single-token only","[1, 2, 3, 4, 5]","[1, 2, 3, 4, 5]",[],18,3,-2.2925825119018555,5,20,5,-0.40195754170417786,-1.8906249701976776,False,2,1.147709846496582,5,0
212,mercedes_prompt1,original_images/images/mercedes-benz_black_coupe_0.png,Logos,cars,Counting/Illusion,"How many points of the star are there on the logo of this car? Answer with a number in curly brackets, e.g., {9}.","How many points of the star are there on the logo of this car? Answer with a number in curly brackets, e.g., {9}.
Answer with exactly ONE digit (0-9). No text, no multiple digits.",3,3,{6},6,3,6,False,False,,6,6,1,"GT±2, single-token only","[1, 2, 3, 4, 5]","[1, 2, 3, 4, 5]",[],18,3,-1.5264601707458496,5,20,5,-1.0733351707458496,-0.453125,False,2,1.3304818868637085,5,0
214,mercedes_prompt1,original_images/images/mercedes-benz_black_hatchback_0.png,Logos,cars,Counting/Illusion,"How many points of the star are there on the logo of this car? Answer with a number in curly brackets, e.g., {9}.","How many points of the star are there on the logo of this car? Answer with a number in curly brackets, e.g., {9}.
Answer with exactly ONE digit (0-9). No text, no multiple digits.",3,3,{5},5,3,5,False,False,,5,5,1,"GT±2, single-token only","[1, 2, 3, 4, 5]","[1, 2, 3, 4, 5]",[],18,3,-2.5407216548919678,5,20,5,-0.36884671449661255,-2.1718749403953552,False,3,1.096590280532837,5,0
216,mercedes_prompt1,original_images/images/mercedes-benz_black_suv_0.png,Logos,cars,Counting/Illusion,"How many points of the star are there on the logo of this car? Answer with a number in curly brackets, e.g., {9}.","How many points of the star are there on the logo of this car? Answer with a number in curly brackets, e.g., {9}.
Answer with exactly ONE digit (0-9). No text, no multiple digits.",3,3,{5},5,3,5,False,False,,5,5,1,"GT±2, single-token only","[1, 2, 3, 4, 5]","[1, 2, 3, 4, 5]",[],18,3,-2.217319965362549,5,20,5,-0.5298200845718384,-1.6874998807907104,False,2,1.3521534204483032,5,0
218,mercedes_prompt1,original_images/images/mercedes-benz_gray_convertible_0.png,Logos,cars,Counting/Illusion,"How many points of the star are there on the logo of this car? Answer with a number in curly brackets, e.g., {9}.","How many points of the star are there on the logo of this car? Answer with a number in curly brackets, e.g., {9}.
Answer with exactly ONE digit (0-9). No text, no multiple digits.",3,3,{5},5,3,5,False,False,,5,5,1,"GT±2, single-token only","[1, 2, 3, 4, 5]","[1, 2, 3, 4, 5]",[],18,3,-2.5210721492767334,5,20,5,-0.3335721790790558,-2.1874999701976776,False,2,1.0390889644622803,5,0
220,mercedes_prompt1,original_images/images/mercedes-benz_gray_coupe_0.png,Logos,cars,Counting/Illusion,"How many points of the star are there on the logo of this car? Answer with a number in curly brackets, e.g., {9}.","How many points of the star are there on the logo of this car? Answer with a number in curly brackets, e.g., {9}.
Answer with exactly ONE digit (0-9). No text, no multiple digits.",3,3,{5},5,3,5,False,False,,5,5,1,"GT±2, single-token only","[1, 2, 3, 4, 5]","[1, 2, 3, 4, 5]",[],18,3,-2.121530532836914,5,20,5,-0.43403059244155884,-1.6874999403953552,False,2,1.2318227291107178,5,0
222,mercedes_prompt1,original_images/images/mercedes-benz_gray_hatchback_0.png,Logos,cars,Counting/Illusion,"How many points of the star are there on the logo of this car? Answer with a number in curly brackets, e.g., {9}.","How many points of the star are there on the logo of this car? Answer with a number in curly brackets, e.g., {9}.
Answer with exactly ONE digit (0-9). No text, no multiple digits.",3,3,{3},3,3,3,True,True,,3,3,1,"GT±2, single-token only","[1, 2, 3, 4, 5]","[1, 2, 3, 4, 5]",[],18,3,-1.120983600616455,5,20,5,-1.152233600616455,0.03125,True,1,1.677376627922058,5,0
224,mercedes_prompt1,original_images/images/mercedes-benz_gray_sedan_0.png,Logos,cars,Counting/Illusion,"How many points of the star are there on the logo of this car? Answer with a number in curly brackets, e.g., {9}.","How many points of the star are there on the logo of this car? Answer with a number in curly brackets, e.g., {9}.
Answer with exactly ONE digit (0-9). No text, no multiple digits.",3,3,{5},5,3,5,False,False,,5,5,1,"GT±2, single-token only","[1, 2, 3, 4, 5]","[1, 2, 3, 4, 5]",[],18,3,-1.455441951751709,5,20,5,-0.6898170113563538,-0.7656249403953552,False,2,1.4171314239501953,5,0
226,mercedes_prompt1,original_images/images/mercedes-benz_gray_suv_0.png,Logos,cars,Counting/Illusion,"How many points of the star are there on the logo of this car? Answer with a number in curly brackets, e.g., {9}.","How many points of the star are there on the logo of this car? Answer with a number in curly brackets, e.g., {9}.
Answer with exactly ONE digit (0-9). No text, no multiple digits.",3,3,{5},5,3,5,False,False,,5,5,1,"GT±2, single-token only","[1, 2, 3, 4, 5]","[1, 2, 3, 4, 5]",[],18,3,-2.0744245052337646,5,20,5,-0.46504950523376465,-1.609375,False,2,1.195157766342163,5,0
228,mercedes_prompt1,original_images/images/mercedes-benz_white_convertible_0.png,Logos,cars,Counting/Illusion,"How many points of the star are there on the logo of this car? Answer with a number in curly brackets, e.g., {9}.","How many points of the star are there on the logo of this car? Answer with a number in curly brackets, e.g., {9}.
Answer with exactly ONE digit (0-9). No text, no multiple digits.",3,3,{5},5,3,5,False,False,,5,5,1,"GT±2, single-token only","[1, 2, 3, 4, 5]","[1, 2, 3, 4, 5]",[],18,3,-1.9386017322540283,5,20,5,-0.8292267322540283,-1.109375,False,2,1.5261152982711792,5,0
230,mercedes_prompt1,original_images/images/mercedes-benz_white_coupe_0.png,Logos,cars,Counting/Illusion,"How many points of the star are there on the logo of this car? Answer with a number in curly brackets, e.g., {9}.","How many points of the star are there on the logo of this car? Answer with a number in curly brackets, e.g., {9}.
Answer with exactly ONE digit (0-9). No text, no multiple digits.",3,3,{5},5,3,5,False,False,,5,5,1,"GT±2, single-token only","[1, 2, 3, 4, 5]","[1, 2, 3, 4, 5]",[],18,3,-2.1177663803100586,5,20,5,-0.6490164399147034,-1.4687499403953552,False,3,1.3560004234313965,5,0
232,mercedes_prompt1,original_images/images/mercedes-benz_white_hatchback_0.png,Logos,cars,Counting/Illusion,"How many points of the star are there on the logo of this car? Answer with a number in curly brackets, e.g., {9}.","How many points of the star are there on the logo of this car? Answer with a number in curly brackets, e.g., {9}.
Answer with exactly ONE digit (0-9). No text, no multiple digits.",3,3,{5},5,3,5,False,False,,5,5,1,"GT±2, single-token only","[1, 2, 3, 4, 5]","[1, 2, 3, 4, 5]",[],18,3,-3.0098445415496826,5,20,5,-0.6504695415496826,-2.359375,False,3,1.444602608680725,5,0
234,mercedes_prompt1,original_images/images/mercedes-benz_white_sedan_0.png,Logos,cars,Counting/Illusion,"How many points of the star are there on the logo of this car? Answer with a number in curly brackets, e.g., {9}.","How many points of the star are there on the logo of this car? Answer with a number in curly brackets, e.g., {9}.
Answer with exactly ONE digit (0-9). No text, no multiple digits.",3,3,{5},5,3,5,False,False,,5,5,1,"GT±2, single-token only","[1, 2, 3, 4, 5]","[1, 2, 3, 4, 5]",[],18,3,-2.7152204513549805,5,20,5,-0.41834557056427,-2.2968748807907104,False,3,1.158959150314331,5,0
236,mercedes_prompt1,original_images/images/mercedes-benz_white_suv_0.png,Logos,cars,Counting/Illusion,"How many points of the star are there on the logo of this car? Answer with a number in curly brackets, e.g., {9}.","How many points of the star are there on the logo of this car? Answer with a number in curly brackets, e.g., {9}.
Answer with exactly ONE digit (0-9). No text, no multiple digits.",3,3,{5},5,3,5,False,False,,5,5,1,"GT±2, single-token only","[1, 2, 3, 4, 5]","[1, 2, 3, 4, 5]",[],18,3,-2.510951280593872,5,20,5,-0.2922012209892273,-2.2187500596046448,False,2,0.923988938331604,5,0
238,mercedes_prompt1,original_images/images/mercedes.png,Logos,cars,Counting/Illusion,"How many points of the star are there on the logo of this car? Answer with a number in curly brackets, e.g., {9}.","How many points of the star are there on the logo of this car? Answer with a number in curly brackets, e.g., {9}.
Answer with exactly ONE digit (0-9). No text, no multiple digits.",3,3,{5},5,3,5,False,False,,5,5,1,"GT±2, single-token only","[1, 2, 3, 4, 5]","[1, 2, 3, 4, 5]",[],18,3,-1.9620150327682495,5,20,5,-0.9463900327682495,-1.015625,False,3,1.5860196352005005,5,0
240,moose_prompt1,original_images/images/moose.png,Animals,animal,Counting/Illusion,"How many legs do this animal have? Answer with a number in curly brackets, e.g., {9}.","How many legs do this animal have? Answer with a number in curly brackets, e.g., {9}.
Answer with exactly ONE digit (0-9). No text, no multiple digits.",4,4,{4},4,4,4,True,True,,4,4,1,"GT±2, single-token only","[2, 3, 4, 5, 6]","[2, 3, 4, 5, 6]",[],19,4,-0.0009477414423599839,6,21,6,-8.329072952270508,8.328125210828148,True,1,0.009318500757217407,5,0
242,mountain_goat_prompt1,original_images/images/mountain goat.png,Animals,animal,Counting/Illusion,"How many legs do this animal have? Answer with a number in curly brackets, e.g., {9}.","How many legs do this animal have? Answer with a number in curly brackets, e.g., {9}.
Answer with exactly ONE digit (0-9). No text, no multiple digits.",4,4,{4},4,4,4,True,True,,4,4,1,"GT±2, single-token only","[2, 3, 4, 5, 6]","[2, 3, 4, 5, 6]",[],19,4,-0.0015926783671602607,6,21,6,-7.610967636108398,7.609374957741238,True,1,0.014482158236205578,5,0
244,mule_prompt1,original_images/images/mule.png,Animals,animal,Counting/Illusion,"How many legs do this animal have? Answer with a number in curly brackets, e.g., {9}.","How many legs do this animal have? Answer with a number in curly brackets, e.g., {9}.
Answer with exactly ONE digit (0-9). No text, no multiple digits.",4,4,{4},4,4,4,True,True,,4,4,1,"GT±2, single-token only","[2, 3, 4, 5, 6]","[2, 3, 4, 5, 6]",[],19,4,-0.0016307639889419079,6,21,6,-7.407880783081055,7.406250019092113,True,1,0.015644587576389313,5,0
246,ocelot_prompt1,original_images/images/ocelot.png,Animals,animal,Counting/Illusion,"How many legs do this animal have? Answer with a number in curly brackets, e.g., {9}.","How many legs do this animal have? Answer with a number in curly brackets, e.g., {9}.
Answer with exactly ONE digit (0-9). No text, no multiple digits.",4,4,{4},4,4,4,True,True,,4,4,1,"GT±2, single-token only","[2, 3, 4, 5, 6]","[2, 3, 4, 5, 6]",[],19,4,-0.19016581773757935,6,21,6,-4.580790996551514,4.390625178813934,True,1,0.5615983605384827,5,0
248,okapi_prompt1,original_images/images/okapi.png,Animals,animal,Counting/Illusion,"How many legs do this animal have? Answer with a number in curly brackets, e.g., {9}.","How many legs do this animal have? Answer with a number in curly brackets, e.g., {9}.
Answer with exactly ONE digit (0-9). No text, no multiple digits.",4,4,{4},4,4,4,True,True,,4,4,1,"GT±2, single-token only","[2, 3, 4, 5, 6]","[2, 3, 4, 5, 6]",[],19,4,-0.0023394853342324495,6,21,6,-7.7523393630981445,7.749999877763912,True,1,0.020892761647701263,5,0
250,ostrich_prompt1,original_images/images/ostrich.png,Animals,animal,Counting/Illusion,"How many legs do this animal have? Answer with a number in curly brackets, e.g., {9}.","How many legs do this animal have? Answer with a number in curly brackets, e.g., {9}.
Answer with exactly ONE digit (0-9). No text, no multiple digits.",2,2,{2},2,2,2,True,True,,2,2,1,"GT±2, single-token only","[0, 1, 2, 3, 4]","[0, 1, 2, 3, 4]",[],17,2,-0.006838844623416662,4,19,4,-5.147463798522949,5.140624953899533,True,1,0.04609043151140213,5,0
252,oystercatcher_prompt1,original_images/images/oystercatcher.png,Animals,animal,Counting/Illusion,"How many legs do this animal have? Answer with a number in curly brackets, e.g., {9}.","How many legs do this animal have? Answer with a number in curly brackets, e.g., {9}.
Answer with exactly ONE digit (0-9). No text, no multiple digits.",2,2,{2},2,2,2,True,True,,2,2,1,"GT±2, single-token only","[0, 1, 2, 3, 4]","[0, 1, 2, 3, 4]",[],17,2,-0.0022260190453380346,1,16,1,-6.689725875854492,6.687499856809154,True,1,0.019404403865337372,5,0
254,peacock_prompt1,original_images/images/peacock.png,Animals,animal,Counting/Illusion,"How many legs do this animal have? Answer with a number in curly brackets, e.g., {9}.","How many legs do this animal have? Answer with a number in curly brackets, e.g., {9}.
Answer with exactly ONE digit (0-9). No text, no multiple digits.",2,2,{2},2,2,2,True,True,,2,2,1,"GT±2, single-token only","[0, 1, 2, 3, 4]","[0, 1, 2, 3, 4]",[],17,2,-0.0011537569807842374,1,16,1,-7.735528945922852,7.734375188942067,True,1,0.010999889113008976,5,0
256,pig_prompt1,original_images/images/pig.png,Animals,animal,Counting/Illusion,"How many legs do this animal have? Answer with a number in curly brackets, e.g., {9}.","How many legs do this animal have? Answer with a number in curly brackets, e.g., {9}.
Answer with exactly ONE digit (0-9). No text, no multiple digits.",4,4,{4},4,4,4,True,True,,4,4,1,"GT±2, single-token only","[2, 3, 4, 5, 6]","[2, 3, 4, 5, 6]",[],19,4,-0.000705589191056788,6,21,6,-8.92258071899414,8.921875129803084,True,1,0.0074936505407094955,5,0
258,plover_prompt1,original_images/images/plover.png,Animals,animal,Counting/Illusion,"How many legs do this animal have? Answer with a number in curly brackets, e.g., {9}.","How many legs do this animal have? Answer with a number in curly brackets, e.g., {9}.
Answer with exactly ONE digit (0-9). No text, no multiple digits.",2,2,{2},2,2,2,True,True,,2,2,1,"GT±2, single-token only","[0, 1, 2, 3, 4]","[0, 1, 2, 3, 4]",[],17,2,-0.001456748810596764,1,16,1,-7.9233317375183105,7.921874988707714,True,1,0.013951190747320652,5,0
260,pronghorn_prompt1,original_images/images/pronghorn.png,Animals,animal,Counting/Illusion,"How many legs do this animal have? Answer with a number in curly brackets, e.g., {9}.","How many legs do this animal have? Answer with a number in curly brackets, e.g., {9}.
Answer with exactly ONE digit (0-9). No text, no multiple digits.",4,4,{4},4,4,4,True,True,,4,4,1,"GT±2, single-token only","[2, 3, 4, 5, 6]","[2, 3, 4, 5, 6]",[],19,4,-0.011748174205422401,6,21,6,-6.058623313903809,6.046875139698386,True,1,0.07659216225147247,5,0
262,puma_prompt1,original_images/images/puma.png,Animals,animal,Counting/Illusion,"How many legs do this animal have? Answer with a number in curly brackets, e.g., {9}.","How many legs do this animal have? Answer with a number in curly brackets, e.g., {9}.
Answer with exactly ONE digit (0-9). No text, no multiple digits.",4,4,{4},4,4,4,True,True,,4,4,1,"GT±2, single-token only","[2, 3, 4, 5, 6]","[2, 3, 4, 5, 6]",[],19,4,-0.016285834833979607,6,21,6,-6.2662858963012695,6.25000006146729,True,1,0.10419797897338867,5,0
264,rabbit_prompt1,original_images/images/rabbit.png,Animals,animal,Counting/Illusion,"How many legs do this animal have? Answer with a number in curly brackets, e.g., {9}.","How many legs do this animal have? Answer with a number in curly brackets, e.g., {9}.
Answer with exactly ONE digit (0-9). No text, no multiple digits.",4,4,{4},4,4,4,True,True,,4,4,1,"GT±2, single-token only","[2, 3, 4, 5, 6]","[2, 3, 4, 5, 6]",[],19,4,-0.016976162791252136,6,21,6,-4.313851356506348,4.2968751937150955,True,1,0.10277555137872696,5,0
266,red_fox_prompt1,original_images/images/red fox.png,Animals,animal,Counting/Illusion,"How many legs do this animal have? Answer with a number in curly brackets, e.g., {9}.","How many legs do this animal have? Answer with a number in curly brackets, e.g., {9}.
Answer with exactly ONE digit (0-9). No text, no multiple digits.",4,4,{4},4,4,4,True,True,,4,4,1,"GT±2, single-token only","[2, 3, 4, 5, 6]","[2, 3, 4, 5, 6]",[],19,4,-0.006739741191267967,6,21,6,-6.350489616394043,6.343749875202775,True,1,0.05545829236507416,5,0
268,red_wolf_prompt1,original_images/images/red wolf.png,Animals,animal,Counting/Illusion,"How many legs do this animal have? Answer with a number in curly brackets, e.g., {9}.","How many legs do this animal have? Answer with a number in curly brackets, e.g., {9}.
Answer with exactly ONE digit (0-9). No text, no multiple digits.",4,4,{4},4,4,4,True,True,,4,4,1,"GT±2, single-token only","[2, 3, 4, 5, 6]","[2, 3, 4, 5, 6]",[],19,4,-0.004495751578360796,6,21,6,-7.082620620727539,7.078124869149178,True,1,0.03886481001973152,5,0
270,reindeer_prompt1,original_images/images/reindeer.png,Animals,animal,Counting/Illusion,"How many legs do this animal have? Answer with a number in curly brackets, e.g., {9}.","How many legs do this animal have? Answer with a number in curly brackets, e.g., {9}.
Answer with exactly ONE digit (0-9). No text, no multiple digits.",4,4,{4},4,4,4,True,True,,4,4,1,"GT±2, single-token only","[2, 3, 4, 5, 6]","[2, 3, 4, 5, 6]",[],19,4,-0.026250051334500313,6,21,6,-6.823124885559082,6.796874834224582,True,1,0.1282576620578766,5,0
272,rhea_prompt1,original_images/images/rhea.png,Animals,animal,Counting/Illusion,"How many legs do this animal have? Answer with a number in curly brackets, e.g., {9}.","How many legs do this animal have? Answer with a number in curly brackets, e.g., {9}.
Answer with exactly ONE digit (0-9). No text, no multiple digits.",2,2,{2},2,2,2,True,True,,2,2,1,"GT±2, single-token only","[0, 1, 2, 3, 4]","[0, 1, 2, 3, 4]",[],17,2,-0.006757620722055435,4,19,4,-5.194257736206055,5.187500115483999,True,1,0.04642164707183838,5,0
274,rooster_prompt1,original_images/images/rooster.png,Animals,animal,Counting/Illusion,"How many legs do this animal have? Answer with a number in curly brackets, e.g., {9}.","How many legs do this animal have? Answer with a number in curly brackets, e.g., {9}.
Answer with exactly ONE digit (0-9). No text, no multiple digits.",2,2,{2},2,2,2,True,True,,2,2,1,"GT±2, single-token only","[0, 1, 2, 3, 4]","[0, 1, 2, 3, 4]",[],17,2,-0.004861914087086916,4,19,4,-6.395486831665039,6.390624917577952,True,1,0.0388040691614151,5,0
276,sandpiper_prompt1,original_images/images/sandpiper.png,Animals,animal,Counting/Illusion,"How many legs do this animal have? Answer with a number in curly brackets, e.g., {9}.","How many legs do this animal have? Answer with a number in curly brackets, e.g., {9}.
Answer with exactly ONE digit (0-9). No text, no multiple digits.",2,2,{2},2,2,2,True,True,,2,2,1,"GT±2, single-token only","[0, 1, 2, 3, 4]","[0, 1, 2, 3, 4]",[],17,2,-0.0013943722005933523,1,16,1,-7.517019271850586,7.515624899649993,True,1,0.01323546003550291,5,0
278,secretary_bird_prompt1,original_images/images/secretary bird.png,Animals,animal,Counting/Illusion,"How many legs do this animal have? Answer with a number in curly brackets, e.g., {9}.","How many legs do this animal have? Answer with a number in curly brackets, e.g., {9}.
Answer with exactly ONE digit (0-9). No text, no multiple digits.",2,2,{2},2,2,2,True,True,,2,2,1,"GT±2, single-token only","[0, 1, 2, 3, 4]","[0, 1, 2, 3, 4]",[],17,2,-0.003219661070033908,1,16,1,-6.2844696044921875,6.281249943422154,True,1,0.026355905458331108,5,0
280,serval_prompt1,original_images/images/serval.png,Animals,animal,Counting/Illusion,"How many legs do this animal have? Answer with a number in curly brackets, e.g., {9}.","How many legs do this animal have? Answer with a number in curly brackets, e.g., {9}.
Answer with exactly ONE digit (0-9). No text, no multiple digits.",4,4,{4},4,4,4,True,True,,4,4,1,"GT±2, single-token only","[2, 3, 4, 5, 6]","[2, 3, 4, 5, 6]",[],19,4,-0.03065119870007038,6,21,6,-5.421276092529297,5.3906248938292265,True,1,0.16793598234653473,5,0
282,sheep_prompt1,original_images/images/sheep.png,Animals,animal,Counting/Illusion,"How many legs do this animal have? Answer with a number in curly brackets, e.g., {9}.","How many legs do this animal have? Answer with a number in curly brackets, e.g., {9}.
Answer with exactly ONE digit (0-9). No text, no multiple digits.",4,4,{4},4,4,4,True,True,,4,4,1,"GT±2, single-token only","[2, 3, 4, 5, 6]","[2, 3, 4, 5, 6]",[],19,4,-0.0004390706308186054,6,21,6,-9.219188690185547,9.218749619554728,True,1,0.00505516491830349,5,0
284,spoonbill_prompt1,original_images/images/spoonbill.png,Animals,animal,Counting/Illusion,"How many legs do this animal have? Answer with a number in curly brackets, e.g., {9}.","How many legs do this animal have? Answer with a number in curly brackets, e.g., {9}.
Answer with exactly ONE digit (0-9). No text, no multiple digits.",2,2,{2},2,2,2,True,True,,2,2,1,"GT±2, single-token only","[0, 1, 2, 3, 4]","[0, 1, 2, 3, 4]",[],17,2,-0.00220567942596972,1,16,1,-6.689705848693848,6.687500169267878,True,1,0.018966589123010635,5,0
286,springbok_prompt1,original_images/images/springbok.png,Animals,animal,Counting/Illusion,"How many legs do this animal have? Answer with a number in curly brackets, e.g., {9}.","How many legs do this animal have? Answer with a number in curly brackets, e.g., {9}.
Answer with exactly ONE digit (0-9). No text, no multiple digits.",4,4,{4},4,4,4,True,True,,4,4,1,"GT±2, single-token only","[2, 3, 4, 5, 6]","[2, 3, 4, 5, 6]",[],19,4,-0.009829570539295673,6,21,6,-5.384829521179199,5.3749999506399035,True,1,0.07043537497520447,5,0
288,stilt_prompt1,original_images/images/stilt.png,Animals,animal,Counting/Illusion,"How many legs do this animal have? Answer with a number in curly brackets, e.g., {9}.","How many legs do this animal have? Answer with a number in curly brackets, e.g., {9}.
Answer with exactly ONE digit (0-9). No text, no multiple digits.",2,2,{2},2,2,2,True,True,,2,2,1,"GT±2, single-token only","[0, 1, 2, 3, 4]","[0, 1, 2, 3, 4]",[],17,2,-0.0037510290276259184,1,16,1,-6.456875801086426,6.4531247720588,True,1,0.031063977628946304,5,0
290,stork_prompt1,original_images/images/stork.png,Animals,animal,Counting/Illusion,"How many legs do this animal have? Answer with a number in curly brackets, e.g., {9}.","How many legs do this animal have? Answer with a number in curly brackets, e.g., {9}.
Answer with exactly ONE digit (0-9). No text, no multiple digits.",2,2,{2},2,2,2,True,True,,2,2,1,"GT±2, single-token only","[0, 1, 2, 3, 4]","[0, 1, 2, 3, 4]",[],17,2,-0.0011456600623205304,1,16,1,-8.048020362854004,8.046874702791683,True,1,0.011142714880406857,5,0
292,swan_prompt1,original_images/images/swan.png,Animals,animal,Counting/Illusion,"How many legs do this animal have? Answer with a number in curly brackets, e.g., {9}.","How many legs do this animal have? Answer with a number in curly brackets, e.g., {9}.
Answer with exactly ONE digit (0-9). No text, no multiple digits.",2,2,{2},2,2,2,True,True,,2,2,1,"GT±2, single-token only","[0, 1, 2, 3, 4]","[0, 1, 2, 3, 4]",[],17,2,-0.0010508735431358218,1,16,1,-7.28230094909668,7.281250075553544,True,1,0.009879346936941147,5,0
294,tiger_prompt1,original_images/images/tiger.png,Animals,animal,Counting/Illusion,"How many legs do this animal have? Answer with a number in curly brackets, e.g., {9}.","How many legs do this animal have? Answer with a number in curly brackets, e.g., {9}.
Answer with exactly ONE digit (0-9). No text, no multiple digits.",4,4,{4},4,4,4,True,True,,4,4,1,"GT±2, single-token only","[2, 3, 4, 5, 6]","[2, 3, 4, 5, 6]",[],19,4,-0.19032399356365204,6,21,6,-5.627823829650879,5.437499836087227,True,1,0.5197726488113403,5,0
296,turkey_prompt1,original_images/images/turkey.png,Animals,animal,Counting/Illusion,"How many legs do this animal have? Answer with a number in curly brackets, e.g., {9}.","How many legs do this animal have? Answer with a number in curly brackets, e.g., {9}.
Answer with exactly ONE digit (0-9). No text, no multiple digits.",2,2,{2},2,2,2,True,True,,2,2,1,"GT±2, single-token only","[0, 1, 2, 3, 4]","[0, 1, 2, 3, 4]",[],17,2,-0.0034273474011570215,4,19,4,-6.440927505493164,6.437500158092007,True,1,0.02872670628130436,5,0
298,warthog_prompt1,original_images/images/warthog.png,Animals,animal,Counting/Illusion,"How many legs do this animal have? Answer with a number in curly brackets, e.g., {9}.","How many legs do this animal have? Answer with a number in curly brackets, e.g., {9}.
Answer with exactly ONE digit (0-9). No text, no multiple digits.",4,4,{4},4,4,4,True,True,,4,4,1,"GT±2, single-token only","[2, 3, 4, 5, 6]","[2, 3, 4, 5, 6]",[],19,4,-0.003331351326778531,6,21,6,-7.128331184387207,7.1249998330604285,True,1,0.02910015545785427,5,0
300,water_buffalo_prompt1,original_images/images/water buffalo.png,Animals,animal,Counting/Illusion,"How many legs do this animal have? Answer with a number in curly brackets, e.g., {9}.","How many legs do this animal have? Answer with a number in curly brackets, e.g., {9}.
Answer with exactly ONE digit (0-9). No text, no multiple digits.",4,4,{4},4,4,4,True,True,,4,4,1,"GT±2, single-token only","[2, 3, 4, 5, 6]","[2, 3, 4, 5, 6]",[],19,4,-0.0013460394693538547,6,21,6,-7.688846111297607,7.687500071828254,True,1,0.013091892935335636,5,0
302,wild_boar_prompt1,original_images/images/wild boar.png,Animals,animal,Counting/Illusion,"How many legs do this animal have? Answer with a number in curly brackets, e.g., {9}.","How many legs do this animal have? Answer with a number in curly brackets, e.g., {9}.
Answer with exactly ONE digit (0-9). No text, no multiple digits.",4,4,{4},4,4,4,True,True,,4,4,1,"GT±2, single-token only","[2, 3, 4, 5, 6]","[2, 3, 4, 5, 6]",[],19,4,-0.0019565741531550884,6,21,6,-7.611331462860107,7.609374888706952,True,1,0.017804022878408432,5,0
304,wildebeest_prompt1,original_images/images/wildebeest.png,Animals,animal,Counting/Illusion,"How many legs do this animal have? Answer with a number in curly brackets, e.g., {9}.","How many legs do this animal have? Answer with a number in curly brackets, e.g., {9}.
Answer with exactly ONE digit (0-9). No text, no multiple digits.",4,4,{4},4,4,4,True,True,,4,4,1,"GT±2, single-token only","[2, 3, 4, 5, 6]","[2, 3, 4, 5, 6]",[],19,4,-0.002218168694525957,6,21,6,-7.205343246459961,7.203125077765435,True,1,0.02072153612971306,5,0
306,yak_prompt1,original_images/images/yak.png,Animals,animal,Counting/Illusion,"How many legs do this animal have? Answer with a number in curly brackets, e.g., {9}.","How many legs do this animal have? Answer with a number in curly brackets, e.g., {9}.
Answer with exactly ONE digit (0-9). No text, no multiple digits.",4,4,{4},4,4,4,True,True,,4,4,1,"GT±2, single-token only","[2, 3, 4, 5, 6]","[2, 3, 4, 5, 6]",[],19,4,-0.0012985378270968795,6,21,6,-7.532548427581787,7.53124988975469,True,1,0.012327920645475388,5,0
308,zebra_prompt1,original_images/images/zebra.png,Animals,animal,Counting/Illusion,"How many legs do this animal have? Answer with a number in curly brackets, e.g., {9}.","How many legs do this animal have? Answer with a number in curly brackets, e.g., {9}.
Answer with exactly ONE digit (0-9). No text, no multiple digits.",4,4,{4},4,4,4,True,True,,4,4,1,"GT±2, single-token only","[2, 3, 4, 5, 6]","[2, 3, 4, 5, 6]",[],19,4,-0.0009740613750182092,6,21,6,-8.25097370147705,8.249999640102033,True,1,0.010100958868861198,5,0
310,adidas_prompt1,original_images/images/adidas.png,Logos,shoes,Counting/Illusion,"How many visible stripes are there on the logo of the left shoe? Answer with a number in curly brackets, e.g., {9}.","How many visible stripes are there on the logo of the left shoe? Answer with a number in curly brackets, e.g., {9}.
Answer with exactly ONE digit (0-9). No text, no multiple digits.",3,3,{3},3,3,3,True,True,,3,3,1,"GT±2, single-token only","[1, 2, 3, 4, 5]","[1, 2, 3, 4, 5]",[],18,3,-0.0608895942568779,2,17,2,-3.639014482498169,3.578124888241291,True,1,0.32134509086608887,5,0
312,nike_prompt1,original_images/images/nike.png,Logos,shoes,Counting/Illusion,"How many visible black stylized curves are there on the logo of the left shoe? Answer with a number in curly brackets, e.g., {9}.","How many visible black stylized curves are there on the logo of the left shoe? Answer with a number in curly brackets, e.g., {9}.
Answer with exactly ONE digit (0-9). No text, no multiple digits.",1,1,{1},1,1,1,True,True,,1,1,1,"GT±2, single-token only","[0, 1, 2, 3]","[0, 1, 2, 3]",[],16,1,-1.1859303712844849,2,17,2,-1.3578053712844849,0.171875,True,1,1.8442201614379883,4,0
314,chess_grid_standard_notitle_px1152_Q1,original_images/images/chess_grid_standard_notitle_px1152.png,Game Boards,Chess Grid,Counting/Illusion,"How many rows are there on this board? Answer with a number in curly brackets, e.g., {9}.","How many rows are there on this board? Answer with a number in curly brackets, e.g., {9}.
Answer with exactly ONE digit (0-9). No text, no multiple digits.",8,8,{8},8,8,8,True,True,,8,8,1,"GT±2, single-token only","[6, 7, 8, 9, 10]","[6, 7, 8, 9]",[10],23,8,-0.2721133530139923,6,21,6,-2.50648832321167,2.2343749701976776,True,1,0.9738960862159729,4,1
320,sudoku_grid_standard_notitle_px1152_Q1,original_images/images/sudoku_grid_standard_notitle_px1152.png,Game Boards,Sudoku Grid,Counting/Illusion,"How many rows are there on this puzzle? Answer with a number in curly brackets, e.g., {9}.","How many rows are there on this puzzle? Answer with a number in curly brackets, e.g., {9}.
Answer with exactly ONE digit (0-9). No text, no multiple digits.",9,9,{9},9,9,9,True,True,,9,9,1,"GT±2, single-token only","[7, 8, 9, 10, 11]","[7, 8, 9]","[10, 11]",24,9,-0.1632545441389084,8,23,8,-3.5241172313690186,3.36086268723011,True,1,0.7128799557685852,3,2
